,freesound_id,path,start_sample,end_sample,mean_pitch,loudness,voiced_fraction,pitch_drift_cents,pitch_confidence,mfcc_0,mfcc_1,mfcc_2,mfcc_3,mfcc_4,mfcc_5,mfcc_6,mfcc_7,mfcc_8,mfcc_9,mfcc_10,mfcc_11,mfcc_12
0,,data/targets/old_macdonald/audio.wav,1536,11776,64.0,0.12305716951252252,1.0,53.220243268804225,0.34678128361701965,-580.91565,125.99699,23.781569,0.07951164,-27.075745,0.44942304,46.212036,9.211199,-7.3379254,9.849886,-5.8729606,5.538167,-4.974538
1,,data/targets/old_macdonald/audio.wav,14208,41472,64.0,0.08228355423669506,1.0,38.42196080152287,0.24087731540203094,-601.5683,125.71597,-19.550426,7.8070245,7.8629756,-3.782735,7.217262,-15.366515,-12.9271965,0.19944118,-16.63116,1.1445576,-15.177046
2,,data/targets/old_macdonald/audio.wav,41984,53248,59.0,0.06398042086273843,1.0,97.93055262169254,0.2121097445487976,-638.6456,148.12859,5.7842426,-5.509459,-10.610193,-12.385529,5.5116005,-11.898749,-24.208063,1.5702463,-16.993135,-9.970702,-9.432391
3,,data/targets/old_macdonald/audio.wav,59008,69888,60.0,0.07722589328987096,1.0,118.2388651706262,0.20024926960468292,-617.6045,101.32397,-110.171974,-26.05022,10.375142,-5.026189,20.239569,-29.829098,-10.27886,-20.017025,-16.428713,2.3790867,-11.376529
4,,data/targets/old_macdonald/audio.wav,71936,78208,61.0,0.06784226262558096,1.0,39.12862474876484,0.23941153287887573,-596.63324,136.25032,-35.29009,-9.53572,-5.760454,-15.404594,13.248641,-8.983799,-4.8192196,8.173702,-17.844725,-9.241756,-14.379075
5,,data/targets/old_macdonald/audio.wav,84992,100224,59.0,0.06427708375471637,1.0,40.272086170542,0.2197250872850418,-603.3619,143.56352,-13.533935,-5.121053,11.888101,4.2989535,7.7203326,-2.698803,-12.159379,3.1886249,-7.37716,-4.194762,-3.6426957
6,,data/targets/old_macdonald/audio.wav,111616,135936,68.0,0.10630258737071095,1.0,29.893979946898785,0.303592711687088,-600.79065,76.148895,-17.58012,35.555813,-3.080635,-20.049877,-3.037082,-3.1443925,-17.683105,-19.537334,-2.0878665,19.40652,-12.369809
7,,data/targets/old_macdonald/audio.wav,141568,154752,66.0,0.09551904972694035,1.0,25.195022887094243,0.2556861639022827,-622.066,91.52421,12.411476,73.69401,10.475591,-32.355408,-8.04284,17.269249,-13.587209,-10.601909,3.7447236,15.973166,-5.7088623
8,,data/targets/old_macdonald/audio.wav,155008,167936,65.0,0.07536908809381988,1.0,153.45211771594523,0.2556861639022827,-603.6877,110.30542,-40.396774,15.292224,-0.09498029,-14.805145,-4.856137,-13.072743,-20.732847,4.1172004,-15.590512,2.3448365,-6.2658324
9,,data/targets/old_macdonald/audio.wav,168192,187008,64.0,0.07215663853332921,1.0,42.91082492906362,0.2556861639022827,-642.29224,118.59972,-31.34473,-18.214119,-19.936043,-6.246886,8.267679,-9.744956,-28.47056,-3.4270086,-13.563406,-11.991293,-5.1903553
10,,data/targets/old_macdonald/audio.wav,207232,220928,59.0,0.05505117498469411,1.0,28.80038803114134,0.1796526312828064,-647.60443,158.37956,-19.85099,10.443124,12.897149,-17.141262,-4.749543,4.037622,-10.701223,-9.75108,-13.955328,0.5627995,3.2251344
11,,data/targets/old_macdonald/audio.wav,221184,234112,62.0,0.082766932478361,1.0,237.21353276730858,0.1796526312828064,-644.73755,162.56842,-35.29692,0.4639183,22.465256,12.026652,44.49608,-23.23739,-9.041723,4.281734,-17.195314,4.5024505,-2.7382553
12,,data/targets/old_macdonald/audio.wav,234368,262144,64.0,0.06829988284716307,1.0,79.51128056417966,0.1936635091420143,-635.0858,141.15173,-36.585922,9.229287,8.301824,9.308811,4.024109,-12.737446,-7.645324,-6.1151495,-19.827658,0.08833469,-9.378532
13,,data/targets/old_macdonald/audio.wav,265216,273792,59.0,0.044555506032016426,1.0,44.820654646956555,0.15700086951255798,-645.2014,117.55747,2.0343714,38.278008,-5.6732903,-20.378395,-9.565236,-10.542865,-29.830925,-8.085953,-4.900095,-9.502597,-21.198685
14,,data/targets/old_macdonald/audio.wav,276992,296448,60.0,0.06625841839319643,1.0,101.92783938741712,0.18591755628585815,-623.00995,124.107735,-81.18846,-13.592214,7.318769,-9.11134,10.281101,-10.556921,-11.706892,2.169214,-24.376884,-7.667222,-7.085966
15,,data/targets/old_macdonald/audio.wav,307200,316672,59.0,0.06553468939916791,1.0,39.15305496829862,0.1959562599658966,-608.3839,138.02388,13.616594,26.522976,14.093006,-21.071732,-14.084321,10.202689,-11.500705,4.575661,6.4853344,7.6359787,-0.6957673
16,,data/targets/old_macdonald/audio.wav,318208,332416,64.0,0.0310904573971276,1.0,6.044819710470613,0.20781497657299042,-727.57104,189.5996,-0.3460331,28.725142,4.636014,10.84221,-20.962229,2.5008419,-11.161376,16.261238,-0.81989187,4.217218,4.2061725
17,,data/targets/old_macdonald/audio.wav,332672,356736,68.0,0.1083880231447149,1.0,48.93483884158592,0.20781497657299042,-594.1732,85.52929,-16.401867,38.80844,-10.079866,-21.454718,-5.94092,3.7669997,-23.123842,-21.89055,6.3356004,11.8985195,-17.961254
18,,data/targets/old_macdonald/audio.wav,357376,370560,65.0,0.09203563551254505,1.0,70.51927729319121,0.261205792427063,-667.6627,112.59589,24.354132,65.795876,9.874572,-29.589104,1.5171791,6.5739255,-35.168053,-13.118427,6.9890866,9.516513,-8.82082
19,,data/targets/old_macdonald/audio.wav,370816,384000,66.0,0.09468315190640274,1.0,37.38856012149324,0.261205792427063,-570.4775,102.520325,-49.023273,4.2213626,-7.680195,-18.851463,10.502013,-19.084055,-9.514562,-2.427868,-14.485005,5.7686405,-9.516999
20,,data/targets/old_macdonald/audio.wav,384256,406784,64.0,0.06911227109790533,1.0,58.51987958068617,0.261205792427063,-638.4331,101.83061,-34.82681,-16.861576,-20.315508,-19.85519,6.2998476,-11.247757,-26.584484,-5.0273285,-14.626798,-13.329378,-8.65283
21,,data/targets/old_macdonald/audio.wav,428160,439040,59.0,0.05374141212982612,1.0,66.40337267465658,0.14049455523490906,-672.2689,155.98288,18.841084,7.6055374,7.681079,-13.635107,-11.291374,-6.6141076,-16.71314,-2.7231479,-4.9474387,3.7618089,3.5141265
22,,data/targets/old_macdonald/audio.wav,442368,450944,62.0,0.06584865246899527,1.0,250.03964947804502,0.18969745934009552,-607.5759,116.11868,7.2542925,16.805538,-12.626894,-12.612883,-0.105194926,2.1404555,-19.354113,-1.2555159,-11.60309,-5.781034,-6.3712406
23,,data/targets/old_macdonald/audio.wav,456704,464256,64.0,0.06298467894791675,1.0,13.095954370229453,0.2155313789844513,-633.58093,121.67257,-21.954569,-1.645295,-13.305579,-22.978056,-9.4527,-15.148421,-26.28624,-7.845037,-13.148812,-10.142877,-9.279066
24,,data/targets/old_macdonald/audio.wav,470528,479872,64.0,0.07690168224086716,1.0,25.30819014424403,0.22736209630966187,-662.70917,140.71602,-12.19184,48.197567,34.796753,-24.22878,-9.2943735,-1.1016024,9.313265,0.5050275,-13.367438,4.662454,-2.6513493
25,,data/targets/old_macdonald/audio.wav,483840,505216,60.0,0.05591013801195974,1.0,182.8230570145055,0.17521588504314423,-703.71075,143.62082,-0.076768056,10.546463,1.1812435,-33.148567,-11.473974,-10.73706,-21.177353,-9.5592165,-20.248198,-13.344458,-8.966071
26,,data/targets/old_macdonald/audio.wav,511232,519680,64.0,0.0636420149435422,1.0,31.91528314587784,0.19853517413139343,-631.0377,139.85336,-5.2534313,20.457342,4.7224216,-6.7060065,2.2006707,-4.323087,-13.134082,-5.5048666,-3.219308,-3.5622344,-10.258716
27,,data/targets/old_macdonald/audio.wav,524928,536960,64.0,0.06848081801404003,1.0,36.948679500080736,0.22776730358600616,-649.10815,161.99538,-40.007145,22.495934,46.195316,-24.686207,6.588409,8.378288,21.81484,3.4042213,-26.284338,10.991822,-11.592665
28,,data/targets/old_macdonald/audio.wav,552192,561536,63.0,0.07846643301850656,1.0,131.74312047959833,0.24863199889659882,-606.72864,123.46181,-4.5819836,16.052376,12.740147,-6.9238815,-31.53731,-12.143522,-1.3931575,8.835528,-16.40373,-5.254644,-4.1940713
29,,data/targets/old_macdonald/audio.wav,565120,573568,64.0,0.059348337238165384,1.0,41.77559890172679,0.2079346626996994,-624.6333,120.74486,-9.469292,-7.991149,-19.163445,-19.358652,-14.401473,-14.986892,-29.109516,-7.486726,-16.062443,-12.428556,-9.437079
30,,data/targets/old_macdonald/audio.wav,580736,592000,63.0,0.06818442238421155,1.0,138.2244533346271,0.21526800096035004,-618.39636,141.81854,-43.252357,14.394983,32.12261,-12.652563,-3.9750931,2.019852,12.990263,12.8267765,-19.23039,7.018855,-0.11327557
31,,data/targets/old_macdonald/audio.wav,594048,601472,64.0,0.06085081822794796,1.0,28.782982577446628,0.22190901637077332,-651.8826,105.176765,-29.362139,-9.146485,-10.194375,-29.844816,-2.3068042,-9.057581,-25.425129,-5.248365,-16.34591,-8.076912,-9.156447
32,,data/targets/old_macdonald/audio.wav,614912,632576,64.0,0.07680168552990894,1.0,20.62623113971148,0.23317213356494904,-645.39374,146.13681,-25.1207,7.7540855,21.872242,-18.977879,-27.344526,-24.71973,2.9130545,-8.277858,-32.53859,0.18127778,-3.653361
33,,data/targets/old_macdonald/audio.wav,632960,643584,64.0,0.06441232193392601,1.0,29.190643646140586,0.1835223287343979,-641.008,132.64009,-1.683861,13.2895355,-3.570626,-3.5583577,17.28291,5.254071,-4.560233,-9.657623,-2.5401845,-2.3448284,-8.795445
34,,data/targets/old_macdonald/audio.wav,648832,656128,64.0,0.0663373897793056,1.0,43.469414141387624,0.21655388176441193,-609.6893,103.467606,-13.582358,20.097982,-2.0850213,-18.75948,7.705726,-3.929884,-11.493746,-9.791299,-13.280389,-8.285354,-18.714436
35,,data/targets/old_macdonald/audio.wav,662144,672768,64.0,0.11263489200667565,1.0,42.21917073683339,0.3345348536968231,-622.7883,141.48439,24.318104,-6.7884574,-32.657093,5.0538573,42.906746,7.561757,-12.973719,7.268796,-10.586317,7.562687,-3.4157162
36,,data/targets/old_macdonald/audio.wav,673792,688000,64.0,0.05662581079238587,1.0,52.74773234201093,0.16939952969551086,-626.5265,120.96892,-19.460457,7.867898,-4.759007,-19.0733,-28.612467,-3.8580089,-12.186284,-11.107415,-16.963896,2.8896565,-14.250286
37,,data/targets/old_macdonald/audio.wav,688256,711552,62.0,0.0874966326033087,1.0,249.38523983588038,0.27178337957177845,-597.1308,132.78458,-5.3957195,-7.3224244,-4.017996,2.65029,16.504751,-26.098692,-18.948645,13.806803,-15.895657,-1.5725975,-10.7266245
38,,data/targets/old_macdonald/audio.wav,716672,738688,61.0,0.08089470019647485,1.0,39.38585554671038,0.2537870705127716,-607.17816,125.77175,-58.274647,-27.168036,3.8619032,-9.559309,10.467836,-12.842926,-14.133873,-0.7144758,-20.144943,-17.67501,-7.7171006
39,,data/targets/old_macdonald/audio.wav,744832,758656,59.0,0.07492855385412439,1.0,26.050634955343288,0.24754443764686584,-592.0419,146.56277,-5.819459,-6.873007,2.2198293,6.258222,5.1162195,-0.71242464,-16.401823,2.0195062,-3.6808248,-9.689857,-6.5226297
40,,data/targets/old_macdonald/audio.wav,775168,798080,68.0,0.10655702865368037,1.0,47.976400891023815,0.2988596260547638,-597.70953,88.23015,-16.8996,29.412752,-4.688874,-21.306519,5.257348,-1.6270359,-16.45644,-21.709755,-0.40104377,10.927544,-15.116024
41,,data/targets/old_macdonald/audio.wav,802816,821120,66.0,0.1036324805118112,1.0,19.82130691717894,0.26589974761009216,-613.62103,103.79725,-4.5182767,49.855854,2.7936447,-30.13051,5.523497,-2.022022,-14.327276,-8.703387,-0.626063,11.8644905,-11.211708
42,,data/targets/old_macdonald/audio.wav,821376,834304,65.0,0.0760742540499924,1.0,99.18914429133447,0.26589974761009216,-607.38586,88.62014,-53.898895,-5.544599,-8.27871,-31.522675,-2.0535257,-10.712205,-7.6733947,-3.3295186,-19.051523,-4.1547484,-12.396369
43,,data/targets/old_macdonald/audio.wav,834560,857088,64.0,0.06893487397383022,1.0,30.524156030289888,0.26589974761009216,-657.97784,139.53339,-2.6295042,-10.0614395,-10.775995,-7.2575555,18.221268,-1.9191991,-20.065685,-1.2854303,-8.462218,-11.143661,-0.7665398
